<?xml version="1.0" encoding="UTF-8"?>
<actions>
        <action>
            <actionName>build</actionName>
            <goals>
                <goal>install</goal>
            </goals>
            <properties>
                <maven.test.skip>true</maven.test.skip>
            </properties>
        </action>
        <action>
            <actionName>build-with-dependencies</actionName>
            <basedir>../</basedir>
            <reactor>also-make</reactor>
            <goals>
                <goal>install</goal>
            </goals>
            <properties>
                <maven.test.skip>true</maven.test.skip>
            </properties>
        </action>
        <action>
            <actionName>rebuild</actionName>
            <goals>
                <goal>clean</goal>
                <goal>install</goal>
            </goals>
            <properties>
                <maven.test.skip>true</maven.test.skip>
            </properties>
        </action>
    </actions>
