<?xml version="1.0" encoding="UTF-8"?>
<bom serialNumber="urn:uuid:dde16e21-fd7e-340a-a972-2549e8ef62ea" version="1" xmlns="http://cyclonedx.org/schema/bom/1.5">
  <metadata>
    <lifecycles>
      <lifecycle>
        <phase>build</phase>
      </lifecycle>
    </lifecycles>
    <tools>
      <components>
        <component type="library">
          <author>OWASP Foundation</author>
          <group>org.cyclonedx</group>
          <name>cyclonedx-maven-plugin</name>
          <version>2.8.1</version>
          <description>CycloneDX Maven plugin</description>
          <hashes>
            <hash alg="MD5">42c73e70d517b359d40b757c368d68fc</hash>
            <hash alg="SHA-1">c66892e13fb7ed7b8105cb5a280fa767d9e0bf12</hash>
            <hash alg="SHA-256">566681b9fcb1b0178e101cd899d2ea399e2039255e208a1a477bc079158dbdc5</hash>
            <hash alg="SHA-512">93d7b7421ee2d91f84930e75a52864952f26fee96114740dab477ee5f0e62b6448759ad5a160f1749650379f771941100c7fd84ed523b2407d2004b928998ecb</hash>
            <hash alg="SHA-384">04b0c71c1b79f77e723e7db96c72705f50172e94df5a7f28edbd96024b886fff65f61f37fc77abb1d12b0809813ae665</hash>
            <hash alg="SHA3-384">eafa68c2c25670f0b77c5db3acdfd97cfe97dfc50c47bba2103353327b049b9bbac0d8b621b1168200ddf21719048c73</hash>
            <hash alg="SHA3-256">2c07b6997ba0e40ca3b66e39cfcf101fcebdceaa19fce0baf12e013cf392466e</hash>
            <hash alg="SHA3-512">636f068843bad92259885cd4d427630619864c0172bd1b41df15c33a7d411767ab09cf2ff339a97fda149ee44c95a162fdf6cb12de19e2dc0250c2fadc80d882</hash>
          </hashes>
        </component>
      </components>
    </tools>
    <component type="library" bom-ref="pkg:maven/org.apache.logging.log4j/log4j-spring-cloud-config-client@2.24.3?type=jar">
      <publisher>The Apache Software Foundation</publisher>
      <group>org.apache.logging.log4j</group>
      <name>log4j-spring-cloud-config-client</name>
      <version>2.24.3</version>
      <description>Apache Log4j Spring Cloud Config Client Support</description>
      <licenses>
        <license>
          <id>Apache-2.0</id>
          <url>https://www.apache.org/licenses/LICENSE-2.0</url>
        </license>
      </licenses>
      <purl>pkg:maven/org.apache.logging.log4j/log4j-spring-cloud-config-client@2.24.3?type=jar</purl>
      <externalReferences><reference type="vulnerability-assertion"><url>https://logging.apache.org/cyclonedx/vdr.xml</url></reference><reference type="website"><url>https://logging.apache.org/log4j/2.x/</url></reference><reference type="build-system"><url>https://github.com/apache/logging-log4j2/actions</url></reference><reference type="distribution"><url>https://logging.apache.org/log4j/2.x/download.html</url></reference><reference type="distribution-intake"><url>https://repository.apache.org/service/local/staging/deploy/maven2</url></reference><reference type="issue-tracker"><url>https://github.com/apache/logging-log4j2/issues</url></reference><reference type="mailing-list"><url>https://lists.apache.org/list.html?log4j-user@logging.apache.org</url></reference><reference type="vcs"><url>https://github.com/apache/logging-log4j2</url></reference></externalReferences>
    </component>
    <properties>
      <property name="maven.goal">makeBom</property>
      <property name="maven.scopes">compile,provided,runtime,system</property>
      <property name="cdx:reproducible">enabled</property>
    </properties>
  </metadata>
  <components>
    <component type="library" bom-ref="pkg:maven/org.springframework.boot/spring-boot-autoconfigure@2.7.18?type=jar">
      <publisher>VMware, Inc.</publisher>
      <group>org.springframework.boot</group>
      <name>spring-boot-autoconfigure</name>
      <version>2.7.18</version>
      <description>Spring Boot AutoConfigure</description>
      <scope>required</scope>
      <hashes>
        <hash alg="MD5">e127e4ed0469cc5442d3c8e5e42e7988</hash>
        <hash alg="SHA-1">9cf147c6ca274c75b32556acdcba5a1de081ebcd</hash>
        <hash alg="SHA-256">1c4e0aadcb662b6149b536a2cf288003ffefe81a6cc69846e9f14976529a1b08</hash>
        <hash alg="SHA-512">9dd7de1ea8c2a418c99abb3fbb08b516802007bb4482a48ee8ba6eb20e6797f28bdea20317fee1fb9a951e70eebdc905259541524910d8fe4920244e3f800d61</hash>
        <hash alg="SHA-384">9146aa2bdc97ade209219c1ef1797739dc9c35a372349036cbbc3bb10056863c4bf42c75b6f1d63cd0dcc16c4f53dc3c</hash>
        <hash alg="SHA3-384">0b56b0ce3542507bb9c25bac9c594262d88732f7855a7e862d663c3a8314a2ea1c083786c0d6bb7172e7e7e2b056a991</hash>
        <hash alg="SHA3-256">4fd2e96cca4070c23c4210cb244b9673a5d8db742bd1495d8ab67a3bdb5334a8</hash>
        <hash alg="SHA3-512">6e06e174976f7de71828db0712c52cb6ef87b0913c946a00459bbfc4ecf93928b1676f22c8bb4af1833021f0131d020c73daf458e70088abb78c7c0c6116d92f</hash>
      </hashes>
      <licenses>
        <license>
          <id>Apache-2.0</id>
        </license>
      </licenses>
      <purl>pkg:maven/org.springframework.boot/spring-boot-autoconfigure@2.7.18?type=jar</purl>
      <externalReferences><reference type="website"><url>https://spring.io/projects/spring-boot</url></reference><reference type="issue-tracker"><url>https://github.com/spring-projects/spring-boot/issues</url></reference><reference type="vcs"><url>https://github.com/spring-projects/spring-boot</url></reference></externalReferences>
    </component>
    <component type="library" bom-ref="pkg:maven/org.springframework.boot/spring-boot@2.7.18?type=jar">
      <publisher>VMware, Inc.</publisher>
      <group>org.springframework.boot</group>
      <name>spring-boot</name>
      <version>2.7.18</version>
      <description>Spring Boot</description>
      <scope>required</scope>
      <hashes>
        <hash alg="MD5">0941c83c25204150f8bd73ae66c63fd1</hash>
        <hash alg="SHA-1">f6dbdd8da7c2bded63dff9b1f48d01a4923f20a0</hash>
        <hash alg="SHA-256">530f4e0fdfeb3a0e2b3a369d15cdea38fbdc1696f8b030c35a6ad65c27524950</hash>
        <hash alg="SHA-512">ff249cbcb7f240e6a03367ceb40a38aeb3584f79f62dc1e4713d6c024cd18c7870b370494f48aeb3b6f6dcaccf23057b5d5cba62eafba9128794f847c83a22be</hash>
        <hash alg="SHA-384">4cc8d00c03f85861c0f6fb5680c19771f7efba7cddfbe70bbccf8a510fad2bacd712658c3d9ef082903b3591a1acd41a</hash>
        <hash alg="SHA3-384">e0c92b1e87cb796b1c4f7215900b09926997995a2d716113194453167afa3fa6e9080d70b5a46255771d768a7a8b0929</hash>
        <hash alg="SHA3-256">a28d520293ac7bc6f04ed1b79818773b26e51fe954d3d3afee43bef4a91fe0c5</hash>
        <hash alg="SHA3-512">5c64fcb9758bc62a2c56f6067ff6e25eff045c83edd9c31ede00d928146c95d17da733b31a59a5f9b199224db26ae1e9008248bc39ecaa55ef770290c389db3e</hash>
      </hashes>
      <licenses>
        <license>
          <id>Apache-2.0</id>
        </license>
      </licenses>
      <purl>pkg:maven/org.springframework.boot/spring-boot@2.7.18?type=jar</purl>
      <externalReferences><reference type="website"><url>https://spring.io/projects/spring-boot</url></reference><reference type="issue-tracker"><url>https://github.com/spring-projects/spring-boot/issues</url></reference><reference type="vcs"><url>https://github.com/spring-projects/spring-boot</url></reference></externalReferences>
    </component>
    <component type="library" bom-ref="pkg:maven/org.apache.logging.log4j/log4j-api@2.24.3?type=jar">
      <publisher>The Apache Software Foundation</publisher>
      <group>org.apache.logging.log4j</group>
      <name>log4j-api</name>
      <version>2.24.3</version>
      <description>The logging API of the Log4j project.
    Library and application code can log through this API.
    It contains a simple built-in implementation (`SimpleLogger`) for trivial use cases.
    Production applications are recommended to use Log4j API in combination with a fully-fledged implementation, such as Log4j Core.</description>
      <scope>required</scope>
      <hashes>
        <hash alg="MD5">d89516699543c5c21be87ee1760695f3</hash>
        <hash alg="SHA-1">b02c125db8b6d295adf72ae6e71af5d83bce2370</hash>
        <hash alg="SHA-256">5b4a0a0cd0e751ded431c162442bdbdd53328d1f8bb2bae5fc1bbeee0f66d80f</hash>
        <hash alg="SHA-512">d936ac37b3d7ca2e4370ef122629c5ceb0bef60a6c08a3bd8bb278204dbed84bb888aaa307c58e80e4e9d645b73792433f52adcccd30378fbac99b1d271042f7</hash>
        <hash alg="SHA-384">d376ab3673186a1a39ea8b3d3c8359bb16dbb3f5d3782c182a112ab19b61d7730434c6d0f631d43d6daae66005d1df4e</hash>
        <hash alg="SHA3-384">7ee1b17a329d90bf648d05defced8d79f7bfbca66cc7e90aa2e1b2d7622697d535969e50d1a03460447eda2fa008f86c</hash>
        <hash alg="SHA3-256">5d2ad18a3352c3d7269ecb8d52d6a5ac8bf0d0d937e4809f5023a45d0f8f50f3</hash>
        <hash alg="SHA3-512">7e964e6425a1198e2568a9e8c326f730b7d139f71e8d3b1b440aa90860f136f443e5ebd62aa022c1c7834e23995ed0992f68dfb1760140d469b85fed84815ae1</hash>
      </hashes>
      <licenses>
        <license>
          <id>Apache-2.0</id>
          <url>https://www.apache.org/licenses/LICENSE-2.0</url>
        </license>
      </licenses>
      <purl>pkg:maven/org.apache.logging.log4j/log4j-api@2.24.3?type=jar</purl>
      <externalReferences><reference type="website"><url>https://logging.apache.org/log4j/2.x/log4j/log4j-api/</url></reference><reference type="build-system"><url>https://github.com/apache/logging-log4j2/actions</url></reference><reference type="distribution"><url>https://logging.apache.org/download.html</url></reference><reference type="distribution-intake"><url>https://repository.apache.org/service/local/staging/deploy/maven2</url></reference><reference type="issue-tracker"><url>https://github.com/apache/logging-log4j2/issues</url></reference><reference type="mailing-list"><url>https://lists.apache.org/list.html?log4j-user@logging.apache.org</url></reference><reference type="vcs"><url>https://github.com/apache/logging-log4j2</url></reference></externalReferences>
    </component>
    <component type="library" bom-ref="pkg:maven/org.apache.logging.log4j/log4j-core@2.24.3?type=jar">
      <publisher>The Apache Software Foundation</publisher>
      <group>org.apache.logging.log4j</group>
      <name>log4j-core</name>
      <version>2.24.3</version>
      <description>A versatile, industrial-grade, and reference implementation of the Log4j API.
    It bundles a rich set of components to assist various use cases:
    Appenders targeting files, network sockets, databases, SMTP servers;
    Layouts that can render CSV, HTML, JSON, Syslog, etc. formatted outputs;
    Filters that can be configured using log event rates, regular expressions, scripts, time, etc.
    It contains several extension points to introduce custom components, if needed.</description>
      <scope>required</scope>
      <hashes>
        <hash alg="MD5">3f52ab7782fdd1349bd872b5dcf48bed</hash>
        <hash alg="SHA-1">7f6a261243ca767c7f38fd4b542bcde626c8894e</hash>
        <hash alg="SHA-256">7eb4084596ae25bd3c61698e48e8d0ab65a9260758884ed5cbb9c6e55c44a56a</hash>
        <hash alg="SHA-512">61332e92ea6ef6656994105a675eb8de85ec859f07cde9da5ef16a22cbf2e0d7695348e04e066dd1a1ff0146ec03a8884974319d4f71155db9c9ab0d073197ef</hash>
        <hash alg="SHA-384">fd3cd2ea5cdc84698b46833cbcdb10e3c1e507a2cba0293b487f45efa7f12f52bce9e2c0a96b0f1632e2ff2549ac2eb2</hash>
        <hash alg="SHA3-384">852c87ea21b50676f338fa423d203fa52845bb201b994afd963bbc8100ecc0f987136a21bf6a6bbd9ab13ee008de9822</hash>
        <hash alg="SHA3-256">fc5b8e9367369772309a23b9ba1c2384be7ace8f6dd6ce6a9c37c322b86e4f1b</hash>
        <hash alg="SHA3-512">c1de50e5cfa5a415ad97cff532d3d3df825ff97ee2c41ac11e50cbca86e37577b9d929e6675c2336008893686db1cdebe878234f15d0e4afc1309eea3f32020b</hash>
      </hashes>
      <licenses>
        <license>
          <id>Apache-2.0</id>
          <url>https://www.apache.org/licenses/LICENSE-2.0</url>
        </license>
      </licenses>
      <purl>pkg:maven/org.apache.logging.log4j/log4j-core@2.24.3?type=jar</purl>
      <externalReferences><reference type="website"><url>https://logging.apache.org/log4j/2.x/log4j/log4j-core/</url></reference><reference type="build-system"><url>https://github.com/apache/logging-log4j2/actions</url></reference><reference type="distribution"><url>https://logging.apache.org/download.html</url></reference><reference type="distribution-intake"><url>https://repository.apache.org/service/local/staging/deploy/maven2</url></reference><reference type="issue-tracker"><url>https://github.com/apache/logging-log4j2/issues</url></reference><reference type="mailing-list"><url>https://lists.apache.org/list.html?log4j-user@logging.apache.org</url></reference><reference type="vcs"><url>https://github.com/apache/logging-log4j2</url></reference></externalReferences>
    </component>
    <component type="library" bom-ref="pkg:maven/org.springframework/spring-context@5.3.39?type=jar">
      <publisher>Spring IO</publisher>
      <group>org.springframework</group>
      <name>spring-context</name>
      <version>5.3.39</version>
      <description>Spring Context</description>
      <scope>required</scope>
      <hashes>
        <hash alg="MD5">167e95de6f9de58b1ffff09990237021</hash>
        <hash alg="SHA-1">286538ca4b3890192d63c88fdd1616adde17dc0e</hash>
        <hash alg="SHA-256">9e644fc33bece9a9cb82538167a1b9640ae7b7d80252e893d89b8926a2f81633</hash>
        <hash alg="SHA-512">22325bb605dd8cac8cb45f5c9dc0dd87014a09bed374d7f34100a2fd7c77005a9800eb18cb1c59c3f84e213f06eccbfcceb82e0fdb99259d4c6418511a8bad81</hash>
        <hash alg="SHA-384">1248b95d26f7799c4390e8d8ddc26fae9d0fd17ec0e3a98c447c9eb1619816930fc90bf5438fa2e2e8f0cfcbb08ec3de</hash>
        <hash alg="SHA3-384">a26c04c0036e4b756de5c6d16938eb9b484a7926ff823156cebc9a8424d16e97923089e0d86c85837eb42be79f53a8f5</hash>
        <hash alg="SHA3-256">479e6199950aeb48fe2d1cded67adad5c64d4deb6878d6a304d942039e108fc3</hash>
        <hash alg="SHA3-512">ea603c614a23362d94d0493de1291fb5fd7136628d7c3be40ea5fa712a199be615114e8bb716657796f58e3c9d34a18a4b3fa83001520c25dc1fa8b50175b1a8</hash>
      </hashes>
      <licenses>
        <license>
          <id>Apache-2.0</id>
        </license>
      </licenses>
      <purl>pkg:maven/org.springframework/spring-context@5.3.39?type=jar</purl>
      <externalReferences><reference type="website"><url>https://github.com/spring-projects/spring-framework</url></reference><reference type="issue-tracker"><url>https://github.com/spring-projects/spring-framework/issues</url></reference><reference type="vcs"><url>https://github.com/spring-projects/spring-framework</url></reference></externalReferences>
    </component>
    <component type="library" bom-ref="pkg:maven/org.springframework/spring-aop@5.3.39?type=jar">
      <publisher>Spring IO</publisher>
      <group>org.springframework</group>
      <name>spring-aop</name>
      <version>5.3.39</version>
      <description>Spring AOP</description>
      <scope>required</scope>
      <hashes>
        <hash alg="MD5">47ef8946ec3f2f76f83cda172b9fd964</hash>
        <hash alg="SHA-1">3af1f0d73ec1e031c7083c848342989f413ca275</hash>
        <hash alg="SHA-256">aa706e4f749982c0bae5fa637433c44c24f0fff5d16dc41deea6d30c3dfa7c85</hash>
        <hash alg="SHA-512">12d230913f57fd97476681016b70c411d2d2557c3aad6a1c86541563ab977786f29aa5277126e15efc1337d33a7e6fecc05debb32857bfa1f48c9943d9936205</hash>
        <hash alg="SHA-384">0533114467204ef925a88d4ab82bb8ae6cb8a7225d0dbd32ffb078912ca74b2fcbab04a4e2dfaa32b5488b154eb770a7</hash>
        <hash alg="SHA3-384">081665850a0db9cfaa3fe38ce89973ee2c3b81df85f361aba997e2a482d1b679a166f7322217a8629e295dd3b591736e</hash>
        <hash alg="SHA3-256">81dd17093016a3dce398bbc7cf29ab5923936a86565de1f8e22c09e7a7e5cdad</hash>
        <hash alg="SHA3-512">c7fb45772885a0c058e35e02231ab3e008810123f1ea889c97ee8f622a863b746f125f197ab1d353a1d982941f686f4ee793dcb291088b77cd6a442e4baccb3e</hash>
      </hashes>
      <licenses>
        <license>
          <id>Apache-2.0</id>
        </license>
      </licenses>
      <purl>pkg:maven/org.springframework/spring-aop@5.3.39?type=jar</purl>
      <externalReferences><reference type="website"><url>https://github.com/spring-projects/spring-framework</url></reference><reference type="issue-tracker"><url>https://github.com/spring-projects/spring-framework/issues</url></reference><reference type="vcs"><url>https://github.com/spring-projects/spring-framework</url></reference></externalReferences>
    </component>
    <component type="library" bom-ref="pkg:maven/org.springframework/spring-beans@5.3.39?type=jar">
      <publisher>Spring IO</publisher>
      <group>org.springframework</group>
      <name>spring-beans</name>
      <version>5.3.39</version>
      <description>Spring Beans</description>
      <scope>required</scope>
      <hashes>
        <hash alg="MD5">c2f99040fb8b0bc98515c87b968227d3</hash>
        <hash alg="SHA-1">87770ce736cbd777c07866cbc8a06b879765e3c8</hash>
        <hash alg="SHA-256">b6697a5d8facb81aa75e5a46d959d4256da9ce3b40d33f3b5bbd42a8b1ed5722</hash>
        <hash alg="SHA-512">53321d3395e51b2d0b6948adff4cce81a7a712c89af92ce27ad98a44e34bfb4efa0e617b951c0468deb0baafa258eaf61507982a6774d3d832593d129c93f3ce</hash>
        <hash alg="SHA-384">a4791a32da2ac30322814781da25680f019ef36e179461e6aee54e6f771081f1c61c673542b9e881d190988ecd98b5f6</hash>
        <hash alg="SHA3-384">3456cce03968d9d9a730b52e79c67615640e4d740d173fed9ddf98760fd2af7d28704df6ff0aa9e2935c17ca3704385c</hash>
        <hash alg="SHA3-256">c229d89e276b29a0fdda42fac26d7a0e526a994be452cdfff22bb03a504bf9cc</hash>
        <hash alg="SHA3-512">08d43059f6948f7cda0c6d344d09d8e035289e51f2ba824c19e4b3f0f0714af836e8feb163b578ccfe97a9cd744b42d8382b4ed3020ba367c032e5bc768226ad</hash>
      </hashes>
      <licenses>
        <license>
          <id>Apache-2.0</id>
        </license>
      </licenses>
      <purl>pkg:maven/org.springframework/spring-beans@5.3.39?type=jar</purl>
      <externalReferences><reference type="website"><url>https://github.com/spring-projects/spring-framework</url></reference><reference type="issue-tracker"><url>https://github.com/spring-projects/spring-framework/issues</url></reference><reference type="vcs"><url>https://github.com/spring-projects/spring-framework</url></reference></externalReferences>
    </component>
    <component type="library" bom-ref="pkg:maven/org.springframework/spring-core@5.3.39?type=jar">
      <publisher>Spring IO</publisher>
      <group>org.springframework</group>
      <name>spring-core</name>
      <version>5.3.39</version>
      <description>Spring Core</description>
      <scope>required</scope>
      <hashes>
        <hash alg="MD5">632d2a8c30962a69273775968c052651</hash>
        <hash alg="SHA-1">d2bff2eedf27b51d6ef9a2fc892aaff5b7a768dd</hash>
        <hash alg="SHA-256">3a1ddcf05420a9181bd9cacb6062a3edc493e14d555961ad50e1a6360eb1e75f</hash>
        <hash alg="SHA-512">2629ed79a0a3cfe7e467ac1a10f6d0d93f8ebdf9fe79bf67d99e5797e4efdb6bb1fd54ef882676b2175beea14079ca5ac6d8218c94134a66bd544d83fc8dc2b5</hash>
        <hash alg="SHA-384">a58090e8a07cc13429b116c1d786269f3b1a1b16a63ce4711648e8f4e5c0b076e970dae2ee1e08fd1cb01158161b1bb8</hash>
        <hash alg="SHA3-384">43f84a96b238a4492e08dd79e4450ccaad4c4f3f8adb45f16632593de313cf88905546f892e29989d8553512006e7680</hash>
        <hash alg="SHA3-256">99cb56d841b5920987b296da3af76ae51d80f4f78b56da4b127e9187793461da</hash>
        <hash alg="SHA3-512">74b21906fe06a990b8f910032c735af31c78cbf322452aa43b8a9bba22ceedaa0e6ad51e1f006b9c075b79654e3298c086adc6a9036601f01b5e4eab6ae899db</hash>
      </hashes>
      <licenses>
        <license>
          <id>Apache-2.0</id>
        </license>
      </licenses>
      <purl>pkg:maven/org.springframework/spring-core@5.3.39?type=jar</purl>
      <externalReferences><reference type="website"><url>https://github.com/spring-projects/spring-framework</url></reference><reference type="issue-tracker"><url>https://github.com/spring-projects/spring-framework/issues</url></reference><reference type="vcs"><url>https://github.com/spring-projects/spring-framework</url></reference></externalReferences>
    </component>
    <component type="library" bom-ref="pkg:maven/org.springframework/spring-expression@5.3.39?type=jar">
      <publisher>Spring IO</publisher>
      <group>org.springframework</group>
      <name>spring-expression</name>
      <version>5.3.39</version>
      <description>Spring Expression Language (SpEL)</description>
      <scope>required</scope>
      <hashes>
        <hash alg="MD5">41198683f2d488b4b2038b7d8e4b6d81</hash>
        <hash alg="SHA-1">25cf07399eb7ac3fc13888b20dc4d67124ec75bd</hash>
        <hash alg="SHA-256">d5337774d889fcdc9c08b0c8b8aaa1018d4c95b9b441db0118f7ae4d328f2810</hash>
        <hash alg="SHA-512">51ac6798959c99d98507a8c0912a93c872f27f44e0a2ebb7bf1d35ccc88c5569c7a07dea47d9d740d5b019a03ac2c9f03aefc94afb98fe2a3258ae0bf14c04e4</hash>
        <hash alg="SHA-384">f5996023c209e7b9befad9a09347733ec2527f1a19e00c8145fc87dcc04ed340f466ec165c7632b9973d83488148e370</hash>
        <hash alg="SHA3-384">ae6c0ebff1148eb5d28d8ee3aa678daf96cac5a39e7ca1e537305d60d8d08bc5a4ad005581b6ac82e2a93c3b6ca334d7</hash>
        <hash alg="SHA3-256">c8b1f84a895c6c5ff2f67bc811eb33e871ccbdadb3699fe724537aa80121ee45</hash>
        <hash alg="SHA3-512">49e2ee35d868318d5b50c3952ad6fcac7d0dda8786fcfe95663c24eaf8fdcbc20d761ab2931565a10c930ad91a5c25e81b370f1dfd190492e7fbc45729edc001</hash>
      </hashes>
      <licenses>
        <license>
          <id>Apache-2.0</id>
        </license>
      </licenses>
      <purl>pkg:maven/org.springframework/spring-expression@5.3.39?type=jar</purl>
      <externalReferences><reference type="website"><url>https://github.com/spring-projects/spring-framework</url></reference><reference type="issue-tracker"><url>https://github.com/spring-projects/spring-framework/issues</url></reference><reference type="vcs"><url>https://github.com/spring-projects/spring-framework</url></reference></externalReferences>
    </component>
    <component type="library" bom-ref="pkg:maven/org.springframework.cloud/spring-cloud-context@3.1.8?type=jar">
      <publisher>Pivotal Software, Inc.</publisher>
      <group>org.springframework.cloud</group>
      <name>spring-cloud-context</name>
      <version>3.1.8</version>
      <description>Spring Cloud Context</description>
      <scope>required</scope>
      <hashes>
        <hash alg="MD5">08b608857bc5e23597e9ca96db44dd55</hash>
        <hash alg="SHA-1">11f27290f68bfb9850d3dea1053c1bd628a556c5</hash>
        <hash alg="SHA-256">7397b0f087b99b48bfc6cfce9eeaf88f956623664724487582a1fabdeeeda180</hash>
        <hash alg="SHA-512">e2848c9c383f1f160b9d7f5dc167e82aadd0fe8ee50e5d4be6ff8d8398258b10d2efb1cbf173d8962c09c18af27f9c62c01932462fc17fc78d9d0d8183d2bd46</hash>
        <hash alg="SHA-384">a2530b6fea7c2d96aea71f28480e99dc096d8205554f78beb98fdb39178854e3896b21423016cf31df630cf3b88b19e3</hash>
        <hash alg="SHA3-384">7686134da8f350d9db7932ca9c5e22331c1261647aa4bec1059847be6e13b51ec604757f02314b9235448f9793903c0f</hash>
        <hash alg="SHA3-256">4d696160d0c0816bb01fa961717cbc891638b0a9849b15f710747ceff7df8d75</hash>
        <hash alg="SHA3-512">55ece796707548978bce157b57eadf197e06ff08fd7b0424627a8693fec9ed24da50e817fdbe1462cbf5df97f432b5646d40ad2faf1b8bc83e6fc9ed2bb29625</hash>
      </hashes>
      <licenses>
        <license>
          <id>Apache-2.0</id>
        </license>
      </licenses>
      <purl>pkg:maven/org.springframework.cloud/spring-cloud-context@3.1.8?type=jar</purl>
      <externalReferences><reference type="website"><url>https://projects.spring.io/spring-cloud/spring-cloud-context/</url></reference><reference type="distribution"><url>https://github.com/spring-cloud</url></reference><reference type="distribution-intake"><url>https://s01.oss.sonatype.org/service/local/staging/deploy/maven2/</url></reference><reference type="vcs"><url>https://github.com/spring-cloud/spring-cloud-commons/spring-cloud-context</url></reference></externalReferences>
    </component>
    <component type="library" bom-ref="pkg:maven/org.springframework.security/spring-security-crypto@5.6.10?type=jar">
      <publisher>Pivotal Software, Inc.</publisher>
      <group>org.springframework.security</group>
      <name>spring-security-crypto</name>
      <version>5.6.10</version>
      <description>Spring Security</description>
      <scope>required</scope>
      <hashes>
        <hash alg="MD5">53e8e3ba1e665a4e5edab037d89b52b7</hash>
        <hash alg="SHA-1">e9ca75486d8e28b4063a6ebff7a893bf6dfeeac4</hash>
        <hash alg="SHA-256">c8279229d3c17e8d94487caa22aac415c59ada9046a24095314aa9a3c66f19c0</hash>
        <hash alg="SHA-512">4ca1a3eb88fc70a59ae1fb9e8385773c7122e77c14f3bb30cb623fb9513d0c9a2f3cc6b6d3ca98baa1dac3e1b39ce0e3e5a723979df686d3b7c17691f802abd2</hash>
        <hash alg="SHA-384">c1afe521f7775e5b9980f4a92039d1f797b106e35cc4ed1ae05cbb7a1d255f65218a25b22aebf7d21cc0294f8ecb4385</hash>
        <hash alg="SHA3-384">381ba33e38fac9a788db7d461c6ecbe156997f5fc763b2ac0123a94f722041fc9ad0db9d03bbedc654d1af230209c4c3</hash>
        <hash alg="SHA3-256">e110b11b198ec3fd8a91457866b84e008aca80ad9d58f594afad8b90828ddda3</hash>
        <hash alg="SHA3-512">53dec8999a9344ffae272cb1acd1c63608c107b6f2f8f148f1bf59c3195cf910dfcd7eebf7164f868abd85ed02200734821d95ba312da52d4337877e713394ff</hash>
      </hashes>
      <licenses>
        <license>
          <id>Apache-2.0</id>
        </license>
      </licenses>
      <purl>pkg:maven/org.springframework.security/spring-security-crypto@5.6.10?type=jar</purl>
      <externalReferences><reference type="website"><url>https://spring.io/projects/spring-security</url></reference><reference type="issue-tracker"><url>https://github.com/spring-projects/spring-security/issues</url></reference><reference type="vcs"><url>https://github.com/spring-projects/spring-security</url></reference></externalReferences>
    </component>
    <component type="library" bom-ref="pkg:maven/biz.aQute.bnd/biz.aQute.bnd.annotation@7.0.0?type=jar">
      <publisher>Bndtools</publisher>
      <group>biz.aQute.bnd</group>
      <name>biz.aQute.bnd.annotation</name>
      <version>7.0.0</version>
      <description>bnd Annotations Library</description>
      <scope>required</scope>
      <hashes>
        <hash alg="MD5">0339bd011cf13131841417c0de7452f5</hash>
        <hash alg="SHA-1">8ad279ebf0d04ea89c5ce4d934189d0d16bb6d50</hash>
        <hash alg="SHA-256">a0090390963dd2092f8abb6d76092bab1696494d2e31b127f5b1b2bf29c08638</hash>
        <hash alg="SHA-512">6e96cffe60466e9bd5730c93686a6ae252958be6202ba07d235239f0033b9a1cc53faad327ddaebab9eab30825b881acc6296777851028c7fad5668cbbe99c81</hash>
        <hash alg="SHA-384">f51cd44911333bf7c2f58bdf7440062c138005c8332be3bf69b0ab0d9d93af4d1e1dde3a4eae5bfae92e835b70e6f561</hash>
        <hash alg="SHA3-384">7e93113ee29b6fbed02fbeac096582476b0b7c04703a54ecf0c3c89cab6fff06bc486d072c78f5a19e2c7da1c603b9d2</hash>
        <hash alg="SHA3-256">e0a35d4ec2afe652ef58a37a9f2491349527e86c7a1b37d13436fdfef77f32b2</hash>
        <hash alg="SHA3-512">62783affe413b5419c08008094a43e63712c65d6e4a0cd345e58e1a7c66dc32a08f2e68852d14641d30da31d665091c19571809145f769480cb0b80e0ad003e9</hash>
      </hashes>
      <licenses>
        <license>
          <name>(Apache-2.0 OR EPL-2.0)</name>
          <url>https://opensource.org/licenses/Apache-2.0,https://opensource.org/licenses/EPL-2.0</url>
        </license>
      </licenses>
      <purl>pkg:maven/biz.aQute.bnd/biz.aQute.bnd.annotation@7.0.0?type=jar</purl>
      <externalReferences><reference type="website"><url>https://bnd.bndtools.org/</url></reference><reference type="vcs"><url>https://github.com/bndtools/bnd</url></reference></externalReferences>
    </component>
    <component type="library" bom-ref="pkg:maven/org.osgi/org.osgi.resource@1.0.0?type=jar">
      <publisher>OSGi Alliance</publisher>
      <group>org.osgi</group>
      <name>org.osgi.resource</name>
      <version>1.0.0</version>
      <description>OSGi Companion Code for org.osgi.resource Version 1.0.0.</description>
      <scope>required</scope>
      <hashes>
        <hash alg="MD5">7d857a4203e2996fab0cf070133e43df</hash>
        <hash alg="SHA-1">343c88949132984b3f2d4175a72c40b77dc65619</hash>
        <hash alg="SHA-256">81fc50f1f1d38a4af28e131907d4afe213249aab05060484edca0e60c4af9b4a</hash>
        <hash alg="SHA-512">4e798790856f83f50832db80bfab64dfceeff1c509d7dde43e74a9f9192ea7a7d5ea77b9b1e81291fa6ba3dcef5ab8fa791ca8093a72a08d7ca6f6499e13e506</hash>
        <hash alg="SHA-384">73038c395166552b64b6b5469bd8056584f48d19b5762df2e8bd2770405ed8f6071e397a87d9a7ed39f8c2e0e8ab85b2</hash>
        <hash alg="SHA3-384">e06c8a460b3bf06d6cb22237aeffa6afd2eadd9461096c67b768a14603ad8aaa88f891d03cf0a273a99d86906c1c8eb3</hash>
        <hash alg="SHA3-256">1097cfd20e80ce368fd828a23ad7c32a202cebd92106f6ebb88ba55ca74349ee</hash>
        <hash alg="SHA3-512">d7b710e1e0484badb875f326c602c90df6705df48b0f057320919a5255d3ecbddd7053eabc68787480a70aebd7e553e9f51728112e1fa0846c849366b7e8d69b</hash>
      </hashes>
      <licenses>
        <license>
          <id>Apache-2.0</id>
        </license>
      </licenses>
      <purl>pkg:maven/org.osgi/org.osgi.resource@1.0.0?type=jar</purl>
      <externalReferences><reference type="website"><url>http://www.osgi.org/</url></reference><reference type="vcs"><url>https://osgi.org/git/build.git</url></reference></externalReferences>
    </component>
    <component type="library" bom-ref="pkg:maven/org.osgi/org.osgi.service.serviceloader@1.0.0?type=jar">
      <publisher>OSGi Alliance</publisher>
      <group>org.osgi</group>
      <name>org.osgi.service.serviceloader</name>
      <version>1.0.0</version>
      <description>OSGi Companion Code for org.osgi.service.serviceloader Version 1.0.0.</description>
      <scope>required</scope>
      <hashes>
        <hash alg="MD5">4943f0102a6d893c4dd77f369a5f0537</hash>
        <hash alg="SHA-1">3728ff37909c6a3c1870b3e851342d9f2bd3cc63</hash>
        <hash alg="SHA-256">8f876ce2a9aa4e95b1f1952950255103e2487425050a654f3285447ba601c154</hash>
        <hash alg="SHA-512">a7def4cb7a8ed992645faa80a780e0b30bd39c1587b5bcb65fe170d10842d0d880c2849edd50c64807fe0e4b9cc0051337d1b161d0d390465d9e63a762861c49</hash>
        <hash alg="SHA-384">1e480694b8a541da4cd1e044d3f3ea3cd55152515ac022b80d865b6654242506c2138daabb4e71c30d36b12b9aaf676d</hash>
        <hash alg="SHA3-384">7f076af200ae9c2bd9f235b949aee01a1a758c8aac10fee8b98ec2497197d2029117d5627eb0eabd9b42979eb1baa009</hash>
        <hash alg="SHA3-256">83b1dce69c4c899176eb6e368e434ecb77dfed7c436530b8c5d08b9b6f2430aa</hash>
        <hash alg="SHA3-512">5debde53a7ead231dcd907467d59728f59cae4eb3b967c19808f78890bd97d2f04657cad9c093e88f9818338b0b3b38a57c66400ebcff61fbb26d18e9f7bf8ed</hash>
      </hashes>
      <licenses>
        <license>
          <id>Apache-2.0</id>
        </license>
      </licenses>
      <purl>pkg:maven/org.osgi/org.osgi.service.serviceloader@1.0.0?type=jar</purl>
      <externalReferences><reference type="website"><url>http://www.osgi.org/</url></reference><reference type="vcs"><url>https://osgi.org/git/build.git</url></reference></externalReferences>
    </component>
    <component type="library" bom-ref="pkg:maven/com.google.errorprone/error_prone_annotations@2.32.0?type=jar">
      <publisher>Google LLC</publisher>
      <group>com.google.errorprone</group>
      <name>error_prone_annotations</name>
      <version>2.32.0</version>
      <description>Error Prone is a static analysis tool for Java that catches common programming mistakes at compile-time.</description>
      <scope>required</scope>
      <hashes>
        <hash alg="MD5">2a996cc75e411174d563c6d59daa4c60</hash>
        <hash alg="SHA-1">e5b2f8b1dede30f5f5bb0baf44f466397ce6b4f7</hash>
        <hash alg="SHA-256">1f52fedb9ac8e0e6aaf312964f4b390312ea45f91a5657050f29780907b484ba</hash>
        <hash alg="SHA-512">1bd1886a8498f008563121368a2946bd0cd42f53f28a3421c105f765bb431558db0cf315fef04ab80a00ff2cdd4d179dfcabe5434c5f9be584bcaa0f2d1fa567</hash>
        <hash alg="SHA-384">00ca79ff8f2cf3c15645221773270e60fd0025cd0f93b36d7413e727a757ea91f81a51a912fcc8bcb4267036e13335d7</hash>
        <hash alg="SHA3-384">95078a0e356d248c5e12478d2b86f2a66ff11c70254d79314bb54b25f276643b70741f20d08e01afee6076fcb87d2365</hash>
        <hash alg="SHA3-256">ff6f6fa7e1e0359a4b234356dadca0b987916993c4d7674753675d5ec9c95b6a</hash>
        <hash alg="SHA3-512">b522eeefcb700fafdb95f7617b667bfd6e6232cc0a468989c2c0b142b6fce8a717d415169b81904670d224b41624ccfce4d8ebee1fa44f8669d0f1d1ed6230a9</hash>
      </hashes>
      <licenses>
        <license>
          <id>Apache-2.0</id>
        </license>
      </licenses>
      <purl>pkg:maven/com.google.errorprone/error_prone_annotations@2.32.0?type=jar</purl>
      <externalReferences><reference type="website"><url>https://errorprone.info/error_prone_annotations</url></reference><reference type="vcs"><url>https://github.com/google/error-prone/error_prone_annotations</url></reference></externalReferences>
    </component>
    <component type="library" bom-ref="pkg:maven/org.osgi/osgi.annotation@8.1.0?type=jar">
      <publisher>Eclipse Foundation</publisher>
      <group>org.osgi</group>
      <name>osgi.annotation</name>
      <version>8.1.0</version>
      <description>OSGi Annotation Release 8, Annotations for use in compiling bundles</description>
      <scope>required</scope>
      <hashes>
        <hash alg="MD5">3bcfab9c55a2bcc158aa4953084021b6</hash>
        <hash alg="SHA-1">59d42736bcc0af2144ba5c1a12ff7c08ea4b7e12</hash>
        <hash alg="SHA-256">68afeb86a5322675d4dfe3df5863c7d8a37b34c18e3a8e41553f1ab3ac15d78f</hash>
        <hash alg="SHA-512">a190fa888fd22c2c31455d672b3e50ca79fa9f02269b9d45f6e6fc189dc8f90d20663e290f151a851e010b52ce87e62dc5079253c3e59caa72f11ea6248ffb26</hash>
        <hash alg="SHA-384">581c88a48fc7df5edae29712f943ef780fb0f32b4eee10dfcaa879f122f19fd1645b961b38bc0a97dd894d89952fdb68</hash>
        <hash alg="SHA3-384">ab4fab76440671def19eb0ca3370d8f0f8a915df4ec92e5aa2b9e12a4b97aa49301c51ccd28a2d2718beec6fe8105bc6</hash>
        <hash alg="SHA3-256">6849ce4a9cad5dbf2dce1ad817442821a633f8ae10ab1ccde69ac46d26127a46</hash>
        <hash alg="SHA3-512">3c3ce68b5ae1ea157f78d72a210cc152375fd8819a7c85ed5c718fbe387ffb522715e1b0dfa5094caed1e8bbe4b8fcc6d2aadd1cd3851f4c0fffebda5acaebba</hash>
      </hashes>
      <licenses>
        <license>
          <id>Apache-2.0</id>
          <url>https://www.apache.org/licenses/LICENSE-2.0</url>
        </license>
      </licenses>
      <purl>pkg:maven/org.osgi/osgi.annotation@8.1.0?type=jar</purl>
      <externalReferences><reference type="website"><url>https://docs.osgi.org/</url></reference><reference type="vcs"><url>https://github.com/osgi/osgi</url></reference></externalReferences>
    </component>
    <component type="library" bom-ref="pkg:maven/org.osgi/org.osgi.annotation.bundle@2.0.0?type=jar">
      <publisher>Eclipse Foundation</publisher>
      <group>org.osgi</group>
      <name>org.osgi.annotation.bundle</name>
      <version>2.0.0</version>
      <description>OSGi Companion Code for org.osgi.annotation.bundle Version 2.0.0</description>
      <scope>required</scope>
      <hashes>
        <hash alg="MD5">19115314a0ce4cfb711a811dcc0be0a3</hash>
        <hash alg="SHA-1">f5c2cd6e670c3c5d440d3003efd5ef2ead5c68eb</hash>
        <hash alg="SHA-256">b9c9546ec5be3ebc2e85ba4919150ad76d64594805282fc895133a47d264a7ae</hash>
        <hash alg="SHA-512">f16b8983240ba3c08d6bc78e2eae92e89eb528f32a705961d90b463def0a5ed1ba08cc3d0be38b5dcfb946c6f759df772e122fb769e58e8c20aa79a489a1fd21</hash>
        <hash alg="SHA-384">88217b7d3a2d9a0a3f005162b95d68ba2bd29629688b2c32e93e4587d89fe6bd468f5c62ef422ebf2b609d402e62ff56</hash>
        <hash alg="SHA3-384">c7ee64dd3e235d900d01d8629b82245303d34a006e1edcd2571ef736d9c6256dcb718be326ad4909cb6d2cea26118ea9</hash>
        <hash alg="SHA3-256">9adcacb036caf30d17a13fcd5952a35e011678b1dbfabafdff73dba065ace8a3</hash>
        <hash alg="SHA3-512">76bec6bb2cdbc8da043760a7aedd51203c8d70b740c9b8de0ba6b0cf9ad991a58059566e7f62dee30606f32d267b2596d5bd5e885c73e336ae7fff6cf7f970db</hash>
      </hashes>
      <licenses>
        <license>
          <id>Apache-2.0</id>
          <url>https://www.apache.org/licenses/LICENSE-2.0</url>
        </license>
      </licenses>
      <purl>pkg:maven/org.osgi/org.osgi.annotation.bundle@2.0.0?type=jar</purl>
      <externalReferences><reference type="website"><url>https://docs.osgi.org/</url></reference><reference type="vcs"><url>https://github.com/osgi/osgi</url></reference></externalReferences>
    </component>
    <component type="library" bom-ref="pkg:maven/org.osgi/org.osgi.annotation.versioning@1.1.2?type=jar">
      <publisher>Eclipse Foundation</publisher>
      <group>org.osgi</group>
      <name>org.osgi.annotation.versioning</name>
      <version>1.1.2</version>
      <description>OSGi Companion Code for org.osgi.annotation.versioning Version 1.1.2</description>
      <scope>required</scope>
      <hashes>
        <hash alg="MD5">a61b3b8d09c85ad296c61e21bf77ec70</hash>
        <hash alg="SHA-1">dc3cd4ec96c0b3c5459fe00694bd73a816ecf93e</hash>
        <hash alg="SHA-256">f51f235e80df8ffbc30ef1b557b6ea38a696632d675404ec117e952978b8b863</hash>
        <hash alg="SHA-512">a4c612bec624a168f25f0923d51925bbc914686673eeebd5b2442998b876f05855e2b0a6e6e9aca4a6533ed3156b0d24f94c3e508ee9778e1b2e469be318afa3</hash>
        <hash alg="SHA-384">68a2046f083a2e77304622a56d07c0e73ba88534af4a87b5428cebf8b638c40ce21bbac089a8b5520ad488c946b633ea</hash>
        <hash alg="SHA3-384">930734f6979650191d51cd8bf1f9ab4548d307950735aa98e2dbda7aecc19b49d01a3b968824f6df2ffafce65e122c60</hash>
        <hash alg="SHA3-256">513392d0e8ddd873d04c5cf4f402a9cfe094413832bb859fe37b70fd0512dd12</hash>
        <hash alg="SHA3-512">3d2bd7d2eb784a9fab4b09c42adb0722363079235340f1915bb82a99f1c5e616ee8f3dc34d2c90b941d2651dcb4f393c7fea3e23b579456a696604148d10f22b</hash>
      </hashes>
      <licenses>
        <license>
          <id>Apache-2.0</id>
          <url>https://www.apache.org/licenses/LICENSE-2.0</url>
        </license>
      </licenses>
      <purl>pkg:maven/org.osgi/org.osgi.annotation.versioning@1.1.2?type=jar</purl>
      <externalReferences><reference type="website"><url>https://docs.osgi.org/</url></reference><reference type="vcs"><url>https://github.com/osgi/osgi</url></reference></externalReferences>
    </component>
    <component type="library" bom-ref="pkg:maven/com.github.spotbugs/spotbugs-annotations@4.8.6?type=jar">
      <group>com.github.spotbugs</group>
      <name>spotbugs-annotations</name>
      <version>4.8.6</version>
      <description>Annotations the SpotBugs tool supports</description>
      <scope>required</scope>
      <hashes>
        <hash alg="MD5">0806b237c67c69869506ce3ced9a722f</hash>
        <hash alg="SHA-1">1dcffed3e561ed32134a0dff4717f19bc2fdf4d8</hash>
        <hash alg="SHA-256">4548b74a815ed44f5480ca4f06204a8b00809dc7e5f6a825a9edf18f40377b65</hash>
        <hash alg="SHA-512">ebe5bca26efc72b82c168b65f8f4b1b55768e0464edb9e732e48bcb05b3de7e761e50f0da46e96f02258b4bc4443f4e4a5e7d53956b17161674238b564f6018d</hash>
        <hash alg="SHA-384">ed8acfde5a975f6aa24930caf2889cddeee21226497ca7ca403a25afdc2a6a32d7a6d53cc117143401e3698c87b33159</hash>
        <hash alg="SHA3-384">eca5720d9a38a2dfe8667dd73003e4fd6d3a0503219d4aea539570374bdbe9157dfe945502de2d40b4f20a4caebd2100</hash>
        <hash alg="SHA3-256">59bcae1d85e982281500f515c27f49c292f5b0f57a69204859f9c5243a64917f</hash>
        <hash alg="SHA3-512">0b77811020ea0052e4b799add234754e2f3437b28f0f4f51f49df9de7bad5d97b4262aed175cc16f2d110a7c49adf88d99dc8f12bb2751ca6bff845ba09c473a</hash>
      </hashes>
      <licenses>
        <license>
          <id>LGPL-2.1-only</id>
        </license>
      </licenses>
      <purl>pkg:maven/com.github.spotbugs/spotbugs-annotations@4.8.6?type=jar</purl>
      <externalReferences><reference type="website"><url>https://spotbugs.github.io/</url></reference><reference type="vcs"><url>https://github.com/spotbugs/spotbugs/</url></reference></externalReferences>
    </component>
    <component type="library" bom-ref="pkg:maven/com.google.code.findbugs/jsr305@3.0.2?type=jar">
      <group>com.google.code.findbugs</group>
      <name>jsr305</name>
      <version>3.0.2</version>
      <description>JSR305 Annotations for Findbugs</description>
      <scope>required</scope>
      <hashes>
        <hash alg="MD5">dd83accb899363c32b07d7a1b2e4ce40</hash>
        <hash alg="SHA-1">25ea2e8b0c338a877313bd4672d3fe056ea78f0d</hash>
        <hash alg="SHA-256">766ad2a0783f2687962c8ad74ceecc38a28b9f72a2d085ee438b7813e928d0c7</hash>
        <hash alg="SHA-512">bb09db62919a50fa5b55906013be6ca4fc7acb2e87455fac5eaf9ede2e41ce8bbafc0e5a385a561264ea4cd71bbbd3ef5a45e02d63277a201d06a0ae1636f804</hash>
        <hash alg="SHA-384">ca0b169d3eb2d0922dc031133a021f861a043bb3e405a88728215fd6ff00fa52fdc7347842dcc2031472e3726164bdc4</hash>
        <hash alg="SHA3-384">9903fd7505218999f8262efedb3d935d64bcef84aae781064ab5e1b24755466b269517cada562fa140cd1d417ede57a1</hash>
        <hash alg="SHA3-256">223fda9a89a461afaae73b177a2dc20ed4a90f2f8757f5c65f3241b0510f00ff</hash>
        <hash alg="SHA3-512">3996b5af57a5d5c6a0cd62b11773360fb051dd86a2ba968476806a2a5d32049b82d69a24a3c694e8fe4d735be6a28e41000cc500cc2a9fb577e058045855d2d6</hash>
      </hashes>
      <licenses>
        <license>
          <id>Apache-2.0</id>
        </license>
      </licenses>
      <purl>pkg:maven/com.google.code.findbugs/jsr305@3.0.2?type=jar</purl>
      <externalReferences><reference type="website"><url>http://findbugs.sourceforge.net/</url></reference><reference type="distribution-intake"><url>https://oss.sonatype.org/service/local/staging/deploy/maven2/</url></reference><reference type="vcs"><url>https://code.google.com/p/jsr-305/</url></reference></externalReferences>
    </component>
  </components>
  <dependencies>
    <dependency ref="pkg:maven/org.apache.logging.log4j/log4j-spring-cloud-config-client@2.24.3?type=jar">
      <dependency ref="pkg:maven/org.springframework.boot/spring-boot-autoconfigure@2.7.18?type=jar"/>
      <dependency ref="pkg:maven/org.apache.logging.log4j/log4j-api@2.24.3?type=jar"/>
      <dependency ref="pkg:maven/org.apache.logging.log4j/log4j-core@2.24.3?type=jar"/>
      <dependency ref="pkg:maven/org.springframework/spring-context@5.3.39?type=jar"/>
      <dependency ref="pkg:maven/org.springframework.cloud/spring-cloud-context@3.1.8?type=jar"/>
      <dependency ref="pkg:maven/biz.aQute.bnd/biz.aQute.bnd.annotation@7.0.0?type=jar"/>
      <dependency ref="pkg:maven/com.google.errorprone/error_prone_annotations@2.32.0?type=jar"/>
      <dependency ref="pkg:maven/org.osgi/osgi.annotation@8.1.0?type=jar"/>
      <dependency ref="pkg:maven/org.osgi/org.osgi.annotation.bundle@2.0.0?type=jar"/>
      <dependency ref="pkg:maven/com.github.spotbugs/spotbugs-annotations@4.8.6?type=jar"/>
    </dependency>
    <dependency ref="pkg:maven/org.springframework.boot/spring-boot-autoconfigure@2.7.18?type=jar">
      <dependency ref="pkg:maven/org.springframework.boot/spring-boot@2.7.18?type=jar"/>
    </dependency>
    <dependency ref="pkg:maven/org.springframework.boot/spring-boot@2.7.18?type=jar">
      <dependency ref="pkg:maven/org.springframework/spring-core@5.3.39?type=jar"/>
      <dependency ref="pkg:maven/org.springframework/spring-context@5.3.39?type=jar"/>
    </dependency>
    <dependency ref="pkg:maven/org.springframework/spring-core@5.3.39?type=jar"/>
    <dependency ref="pkg:maven/org.springframework/spring-context@5.3.39?type=jar">
      <dependency ref="pkg:maven/org.springframework/spring-aop@5.3.39?type=jar"/>
      <dependency ref="pkg:maven/org.springframework/spring-beans@5.3.39?type=jar"/>
      <dependency ref="pkg:maven/org.springframework/spring-core@5.3.39?type=jar"/>
      <dependency ref="pkg:maven/org.springframework/spring-expression@5.3.39?type=jar"/>
    </dependency>
    <dependency ref="pkg:maven/org.springframework/spring-aop@5.3.39?type=jar">
      <dependency ref="pkg:maven/org.springframework/spring-beans@5.3.39?type=jar"/>
      <dependency ref="pkg:maven/org.springframework/spring-core@5.3.39?type=jar"/>
    </dependency>
    <dependency ref="pkg:maven/org.springframework/spring-beans@5.3.39?type=jar">
      <dependency ref="pkg:maven/org.springframework/spring-core@5.3.39?type=jar"/>
    </dependency>
    <dependency ref="pkg:maven/org.springframework/spring-expression@5.3.39?type=jar">
      <dependency ref="pkg:maven/org.springframework/spring-core@5.3.39?type=jar"/>
    </dependency>
    <dependency ref="pkg:maven/org.apache.logging.log4j/log4j-api@2.24.3?type=jar"/>
    <dependency ref="pkg:maven/org.apache.logging.log4j/log4j-core@2.24.3?type=jar">
      <dependency ref="pkg:maven/org.apache.logging.log4j/log4j-api@2.24.3?type=jar"/>
    </dependency>
    <dependency ref="pkg:maven/org.springframework.cloud/spring-cloud-context@3.1.8?type=jar">
      <dependency ref="pkg:maven/org.springframework.security/spring-security-crypto@5.6.10?type=jar"/>
    </dependency>
    <dependency ref="pkg:maven/org.springframework.security/spring-security-crypto@5.6.10?type=jar"/>
    <dependency ref="pkg:maven/biz.aQute.bnd/biz.aQute.bnd.annotation@7.0.0?type=jar">
      <dependency ref="pkg:maven/org.osgi/org.osgi.resource@1.0.0?type=jar"/>
      <dependency ref="pkg:maven/org.osgi/org.osgi.service.serviceloader@1.0.0?type=jar"/>
    </dependency>
    <dependency ref="pkg:maven/org.osgi/org.osgi.resource@1.0.0?type=jar"/>
    <dependency ref="pkg:maven/org.osgi/org.osgi.service.serviceloader@1.0.0?type=jar"/>
    <dependency ref="pkg:maven/com.google.errorprone/error_prone_annotations@2.32.0?type=jar"/>
    <dependency ref="pkg:maven/org.osgi/osgi.annotation@8.1.0?type=jar"/>
    <dependency ref="pkg:maven/org.osgi/org.osgi.annotation.bundle@2.0.0?type=jar">
      <dependency ref="pkg:maven/org.osgi/org.osgi.annotation.versioning@1.1.2?type=jar"/>
    </dependency>
    <dependency ref="pkg:maven/org.osgi/org.osgi.annotation.versioning@1.1.2?type=jar"/>
    <dependency ref="pkg:maven/com.github.spotbugs/spotbugs-annotations@4.8.6?type=jar">
      <dependency ref="pkg:maven/com.google.code.findbugs/jsr305@3.0.2?type=jar"/>
    </dependency>
    <dependency ref="pkg:maven/com.google.code.findbugs/jsr305@3.0.2?type=jar"/>
  </dependencies>
</bom>
