<?xml version="1.0" encoding="UTF-8"?>
<bom serialNumber="urn:uuid:6b7f6c60-5d74-32a5-a7bd-97e8145f4456" version="1" xmlns="http://cyclonedx.org/schema/bom/1.5">
  <metadata>
    <lifecycles>
      <lifecycle>
        <phase>build</phase>
      </lifecycle>
    </lifecycles>
    <tools>
      <components>
        <component type="library">
          <author>OWASP Foundation</author>
          <group>org.cyclonedx</group>
          <name>cyclonedx-maven-plugin</name>
          <version>2.8.1</version>
          <description>CycloneDX Maven plugin</description>
          <hashes>
            <hash alg="MD5">42c73e70d517b359d40b757c368d68fc</hash>
            <hash alg="SHA-1">c66892e13fb7ed7b8105cb5a280fa767d9e0bf12</hash>
            <hash alg="SHA-256">566681b9fcb1b0178e101cd899d2ea399e2039255e208a1a477bc079158dbdc5</hash>
            <hash alg="SHA-512">93d7b7421ee2d91f84930e75a52864952f26fee96114740dab477ee5f0e62b6448759ad5a160f1749650379f771941100c7fd84ed523b2407d2004b928998ecb</hash>
            <hash alg="SHA-384">04b0c71c1b79f77e723e7db96c72705f50172e94df5a7f28edbd96024b886fff65f61f37fc77abb1d12b0809813ae665</hash>
            <hash alg="SHA3-384">eafa68c2c25670f0b77c5db3acdfd97cfe97dfc50c47bba2103353327b049b9bbac0d8b621b1168200ddf21719048c73</hash>
            <hash alg="SHA3-256">2c07b6997ba0e40ca3b66e39cfcf101fcebdceaa19fce0baf12e013cf392466e</hash>
            <hash alg="SHA3-512">636f068843bad92259885cd4d427630619864c0172bd1b41df15c33a7d411767ab09cf2ff339a97fda149ee44c95a162fdf6cb12de19e2dc0250c2fadc80d882</hash>
          </hashes>
        </component>
      </components>
    </tools>
    <component type="library" bom-ref="pkg:maven/org.apache.logging.log4j/log4j-jdbc-dbcp2@2.24.3?type=jar">
      <publisher>The Apache Software Foundation</publisher>
      <group>org.apache.logging.log4j</group>
      <name>log4j-jdbc-dbcp2</name>
      <version>2.24.3</version>
      <description>Connection source for the JDBC Appender using Apache Commons DBCP2.</description>
      <licenses>
        <license>
          <id>Apache-2.0</id>
          <url>https://www.apache.org/licenses/LICENSE-2.0</url>
        </license>
      </licenses>
      <purl>pkg:maven/org.apache.logging.log4j/log4j-jdbc-dbcp2@2.24.3?type=jar</purl>
      <externalReferences><reference type="vulnerability-assertion"><url>https://logging.apache.org/cyclonedx/vdr.xml</url></reference><reference type="website"><url>https://logging.apache.org/log4j/2.x/</url></reference><reference type="build-system"><url>https://github.com/apache/logging-log4j2/actions</url></reference><reference type="distribution"><url>https://logging.apache.org/log4j/2.x/download.html</url></reference><reference type="distribution-intake"><url>https://repository.apache.org/service/local/staging/deploy/maven2</url></reference><reference type="issue-tracker"><url>https://github.com/apache/logging-log4j2/issues</url></reference><reference type="mailing-list"><url>https://lists.apache.org/list.html?log4j-user@logging.apache.org</url></reference><reference type="vcs"><url>https://github.com/apache/logging-log4j2</url></reference></externalReferences>
    </component>
    <properties>
      <property name="maven.goal">makeBom</property>
      <property name="maven.scopes">compile,provided,runtime,system</property>
      <property name="cdx:reproducible">enabled</property>
    </properties>
  </metadata>
  <components>
    <component type="library" bom-ref="pkg:maven/org.apache.logging.log4j/log4j-core@2.24.3?type=jar">
      <publisher>The Apache Software Foundation</publisher>
      <group>org.apache.logging.log4j</group>
      <name>log4j-core</name>
      <version>2.24.3</version>
      <description>A versatile, industrial-grade, and reference implementation of the Log4j API.
    It bundles a rich set of components to assist various use cases:
    Appenders targeting files, network sockets, databases, SMTP servers;
    Layouts that can render CSV, HTML, JSON, Syslog, etc. formatted outputs;
    Filters that can be configured using log event rates, regular expressions, scripts, time, etc.
    It contains several extension points to introduce custom components, if needed.</description>
      <scope>required</scope>
      <hashes>
        <hash alg="MD5">3f52ab7782fdd1349bd872b5dcf48bed</hash>
        <hash alg="SHA-1">7f6a261243ca767c7f38fd4b542bcde626c8894e</hash>
        <hash alg="SHA-256">7eb4084596ae25bd3c61698e48e8d0ab65a9260758884ed5cbb9c6e55c44a56a</hash>
        <hash alg="SHA-512">61332e92ea6ef6656994105a675eb8de85ec859f07cde9da5ef16a22cbf2e0d7695348e04e066dd1a1ff0146ec03a8884974319d4f71155db9c9ab0d073197ef</hash>
        <hash alg="SHA-384">fd3cd2ea5cdc84698b46833cbcdb10e3c1e507a2cba0293b487f45efa7f12f52bce9e2c0a96b0f1632e2ff2549ac2eb2</hash>
        <hash alg="SHA3-384">852c87ea21b50676f338fa423d203fa52845bb201b994afd963bbc8100ecc0f987136a21bf6a6bbd9ab13ee008de9822</hash>
        <hash alg="SHA3-256">fc5b8e9367369772309a23b9ba1c2384be7ace8f6dd6ce6a9c37c322b86e4f1b</hash>
        <hash alg="SHA3-512">c1de50e5cfa5a415ad97cff532d3d3df825ff97ee2c41ac11e50cbca86e37577b9d929e6675c2336008893686db1cdebe878234f15d0e4afc1309eea3f32020b</hash>
      </hashes>
      <licenses>
        <license>
          <id>Apache-2.0</id>
          <url>https://www.apache.org/licenses/LICENSE-2.0</url>
        </license>
      </licenses>
      <purl>pkg:maven/org.apache.logging.log4j/log4j-core@2.24.3?type=jar</purl>
      <externalReferences><reference type="website"><url>https://logging.apache.org/log4j/2.x/log4j/log4j-core/</url></reference><reference type="build-system"><url>https://github.com/apache/logging-log4j2/actions</url></reference><reference type="distribution"><url>https://logging.apache.org/download.html</url></reference><reference type="distribution-intake"><url>https://repository.apache.org/service/local/staging/deploy/maven2</url></reference><reference type="issue-tracker"><url>https://github.com/apache/logging-log4j2/issues</url></reference><reference type="mailing-list"><url>https://lists.apache.org/list.html?log4j-user@logging.apache.org</url></reference><reference type="vcs"><url>https://github.com/apache/logging-log4j2</url></reference></externalReferences>
    </component>
    <component type="library" bom-ref="pkg:maven/org.apache.logging.log4j/log4j-api@2.24.3?type=jar">
      <publisher>The Apache Software Foundation</publisher>
      <group>org.apache.logging.log4j</group>
      <name>log4j-api</name>
      <version>2.24.3</version>
      <description>The logging API of the Log4j project.
    Library and application code can log through this API.
    It contains a simple built-in implementation (`SimpleLogger`) for trivial use cases.
    Production applications are recommended to use Log4j API in combination with a fully-fledged implementation, such as Log4j Core.</description>
      <scope>required</scope>
      <hashes>
        <hash alg="MD5">d89516699543c5c21be87ee1760695f3</hash>
        <hash alg="SHA-1">b02c125db8b6d295adf72ae6e71af5d83bce2370</hash>
        <hash alg="SHA-256">5b4a0a0cd0e751ded431c162442bdbdd53328d1f8bb2bae5fc1bbeee0f66d80f</hash>
        <hash alg="SHA-512">d936ac37b3d7ca2e4370ef122629c5ceb0bef60a6c08a3bd8bb278204dbed84bb888aaa307c58e80e4e9d645b73792433f52adcccd30378fbac99b1d271042f7</hash>
        <hash alg="SHA-384">d376ab3673186a1a39ea8b3d3c8359bb16dbb3f5d3782c182a112ab19b61d7730434c6d0f631d43d6daae66005d1df4e</hash>
        <hash alg="SHA3-384">7ee1b17a329d90bf648d05defced8d79f7bfbca66cc7e90aa2e1b2d7622697d535969e50d1a03460447eda2fa008f86c</hash>
        <hash alg="SHA3-256">5d2ad18a3352c3d7269ecb8d52d6a5ac8bf0d0d937e4809f5023a45d0f8f50f3</hash>
        <hash alg="SHA3-512">7e964e6425a1198e2568a9e8c326f730b7d139f71e8d3b1b440aa90860f136f443e5ebd62aa022c1c7834e23995ed0992f68dfb1760140d469b85fed84815ae1</hash>
      </hashes>
      <licenses>
        <license>
          <id>Apache-2.0</id>
          <url>https://www.apache.org/licenses/LICENSE-2.0</url>
        </license>
      </licenses>
      <purl>pkg:maven/org.apache.logging.log4j/log4j-api@2.24.3?type=jar</purl>
      <externalReferences><reference type="website"><url>https://logging.apache.org/log4j/2.x/log4j/log4j-api/</url></reference><reference type="build-system"><url>https://github.com/apache/logging-log4j2/actions</url></reference><reference type="distribution"><url>https://logging.apache.org/download.html</url></reference><reference type="distribution-intake"><url>https://repository.apache.org/service/local/staging/deploy/maven2</url></reference><reference type="issue-tracker"><url>https://github.com/apache/logging-log4j2/issues</url></reference><reference type="mailing-list"><url>https://lists.apache.org/list.html?log4j-user@logging.apache.org</url></reference><reference type="vcs"><url>https://github.com/apache/logging-log4j2</url></reference></externalReferences>
    </component>
    <component type="library" bom-ref="pkg:maven/org.apache.commons/commons-dbcp2@2.12.0?type=jar">
      <publisher>The Apache Software Foundation</publisher>
      <group>org.apache.commons</group>
      <name>commons-dbcp2</name>
      <version>2.12.0</version>
      <description>Apache Commons DBCP software implements Database Connection Pooling</description>
      <scope>required</scope>
      <hashes>
        <hash alg="MD5">cb9f32fd70bcd816f68ebc611dbfed35</hash>
        <hash alg="SHA-1">45698ece9fda230d0b1c96282c03ce1ebbd6c3ce</hash>
        <hash alg="SHA-256">9b81ea663b9db255bcec6b08a9245edd05bddb155c49343eef09b6d81558ed3e</hash>
        <hash alg="SHA-512">f0a30c8115f9e497eda15c66c5b2e87e97ed9196100d6afd4513640c62727d014821ad55fb26c063465e710c94aefa08507ed0c4054fbca11aa8ba1234e2ff2b</hash>
        <hash alg="SHA-384">1dd2e4550fc0b936c281c0b4dc717eca4d8eb91e8132ac565fdf68561e06b289d957fe31888204a66990222e96758990</hash>
        <hash alg="SHA3-384">ed8e1cf5246193c8b14f3aee842ac3316c0ea17b549956d80b461c920d6d25a13934f44270ec9a5121cdccb659445d88</hash>
        <hash alg="SHA3-256">c3db03c98559cdf104ee152ff3daaf0e51f506556d1eae9171f029ff51a04581</hash>
        <hash alg="SHA3-512">7142d1df8c092a80a6f9981495fee0daabe6336d8caeb6a2ade99b99e84b46efd3b80a482b1b94f09169fee0ebf66f0f201454496107d1e6954d51f670aa97aa</hash>
      </hashes>
      <licenses>
        <license>
          <id>Apache-2.0</id>
          <url>https://www.apache.org/licenses/LICENSE-2.0</url>
        </license>
      </licenses>
      <purl>pkg:maven/org.apache.commons/commons-dbcp2@2.12.0?type=jar</purl>
      <externalReferences><reference type="website"><url>https://commons.apache.org/proper/commons-dbcp/</url></reference><reference type="build-system"><url>https://github.com/apache/commons-parent/actions</url></reference><reference type="distribution-intake"><url>https://repository.apache.org/service/local/staging/deploy/maven2</url></reference><reference type="issue-tracker"><url>https://issues.apache.org/jira/browse/DBCP</url></reference><reference type="mailing-list"><url>https://mail-archives.apache.org/mod_mbox/commons-user/</url></reference><reference type="vcs"><url>https://gitbox.apache.org/repos/asf?p=commons-dbcp.git</url></reference></externalReferences>
    </component>
    <component type="library" bom-ref="pkg:maven/org.apache.commons/commons-pool2@2.12.0?type=jar">
      <publisher>The Apache Software Foundation</publisher>
      <group>org.apache.commons</group>
      <name>commons-pool2</name>
      <version>2.12.0</version>
      <description>The Apache Commons Object Pooling Library.</description>
      <scope>required</scope>
      <hashes>
        <hash alg="MD5">0516bf5ac1549e8ba78f6b7c49d09ed2</hash>
        <hash alg="SHA-1">458563f69fbdaebf7daadfe10dc3a22e42a7de50</hash>
        <hash alg="SHA-256">6d3bd18df8410f3e31b031aca582cc109342358a62a2759ebd0c4cdf30d06f8b</hash>
        <hash alg="SHA-512">08fb9fda3eddfb9c2ba85df3ae882225f9974fc43c18f4cb45de0483fde8a99b59683dbc8e4696eea1db671cb0686dcf0fce66f58aa45d63786f8362ec3c5ac2</hash>
        <hash alg="SHA-384">5319c1fa371d7a0cf8b433f17d2ed7c839d0144d0d56f6fc95cf30bfb27def98d2c5ad394e97a237e4c8bbcccc1d2d48</hash>
        <hash alg="SHA3-384">a0ed1cbad968837ca37f5ef821526aabd12a2ca5cb4c1296f5d1b7bca02157df17668d4610258581f9a9b8e588a329b6</hash>
        <hash alg="SHA3-256">36bdcea6a7dd8d6470944bfec9161eb486bffe6ace0e583246c1a75590897a2f</hash>
        <hash alg="SHA3-512">8bf326f7939801963655a61b13caa36f5983abfd0604d6dd6cfb5c9ea076f044335849de3e46687208c8a5c95387dc11ded5d597927456ae2da3c1ee607adbd4</hash>
      </hashes>
      <licenses>
        <license>
          <id>Apache-2.0</id>
          <url>https://www.apache.org/licenses/LICENSE-2.0</url>
        </license>
      </licenses>
      <purl>pkg:maven/org.apache.commons/commons-pool2@2.12.0?type=jar</purl>
      <externalReferences><reference type="website"><url>https://commons.apache.org/proper/commons-pool/</url></reference><reference type="build-system"><url>https://github.com/apache/commons-pool/actions</url></reference><reference type="distribution-intake"><url>https://repository.apache.org/service/local/staging/deploy/maven2</url></reference><reference type="issue-tracker"><url>https://issues.apache.org/jira/browse/POOL</url></reference><reference type="mailing-list"><url>https://mail-archives.apache.org/mod_mbox/commons-user/</url></reference><reference type="vcs"><url>https://gitbox.apache.org/repos/asf?p=commons-pool.git</url></reference></externalReferences>
    </component>
    <component type="library" bom-ref="pkg:maven/commons-logging/commons-logging@1.3.4?type=jar">
      <publisher>The Apache Software Foundation</publisher>
      <group>commons-logging</group>
      <name>commons-logging</name>
      <version>1.3.4</version>
      <description>Apache Commons Logging is a thin adapter allowing configurable bridging to other,
    well-known logging systems.</description>
      <scope>required</scope>
      <hashes>
        <hash alg="MD5">e7a1e7cb6a89241ed9bfec4c25b6c645</hash>
        <hash alg="SHA-1">b9fc14968d63a8b8a8a2c1885fe3e90564239708</hash>
        <hash alg="SHA-256">bc2dfe32f1ef06509e6a065144c1adf7b420eabf11a87f30bd127f8faa332016</hash>
        <hash alg="SHA-512">102f83e2a274d1ee4b089cf59f9c8d43d65dda6080d108f0589ce807e142a68129e2e55b249088da2e753e9bfe0bbc39a3dc90661cd357f2d0d177a010c9a5c9</hash>
        <hash alg="SHA-384">674aed20a02e029060e5ea27c7b2a8be5efd822aa9bfaff9ae90ca9f19e29b572aed5c5d83a949d24fb66079b2331541</hash>
        <hash alg="SHA3-384">c82454e0084203b76ded77d142f6b3e20622dbfd16049c7052c3f287b0396853f1420207b3f39ea9195639f4c443618d</hash>
        <hash alg="SHA3-256">5b0dd398f23ef580c65f252b1016acea846bd251cfc25205adeabe36e2d13ace</hash>
        <hash alg="SHA3-512">7595f0d87790488608b979eeb9f49c4430ba5f2bb1de20bfb37e49eb46d70dcf2474f4ba9dd07a0408bf302e90ed27d5a94d34414fa08464fec064084794c890</hash>
      </hashes>
      <licenses>
        <license>
          <id>Apache-2.0</id>
          <url>https://www.apache.org/licenses/LICENSE-2.0</url>
        </license>
      </licenses>
      <purl>pkg:maven/commons-logging/commons-logging@1.3.4?type=jar</purl>
      <externalReferences><reference type="website"><url>https://commons.apache.org/proper/commons-logging/</url></reference><reference type="build-system"><url>https://github.com/apache/commons-parent/actions</url></reference><reference type="distribution-intake"><url>https://repository.apache.org/service/local/staging/deploy/maven2</url></reference><reference type="issue-tracker"><url>https://issues.apache.org/jira/browse/LOGGING</url></reference><reference type="mailing-list"><url>https://mail-archives.apache.org/mod_mbox/commons-user/</url></reference><reference type="vcs"><url>https://gitbox.apache.org/repos/asf/commons-logging</url></reference></externalReferences>
    </component>
    <component type="library" bom-ref="pkg:maven/jakarta.transaction/jakarta.transaction-api@2.0.0?type=jar">
      <publisher>EE4J Community</publisher>
      <group>jakarta.transaction</group>
      <name>jakarta.transaction-api</name>
      <version>2.0.0</version>
      <description>Jakarta Transactions</description>
      <scope>required</scope>
      <hashes>
        <hash alg="MD5">8cddb47aba40b4bf3f9eb8bb5c0b3e06</hash>
        <hash alg="SHA-1">24a0525b4acfbca4086d2f1278be3a084fe1c67d</hash>
        <hash alg="SHA-256">21474b7ee0ad764c05d5ad0bc430e5e647cdeabc86cb587477a7eca5be6e584b</hash>
        <hash alg="SHA-512">88c76b2da7a8c725e64074e30d1fa5797e36e9cf5bf67280d10c92d99452db89e0325fcf5bbe20052a96d3f73299f0fea699c850493fe0a64cd0e10dc9ce11b7</hash>
        <hash alg="SHA-384">cdac48a45cb496e659a2d262e8e36e3b89dcb822de44e84c1ef0a13919870646aa995eed70515986cd1438a09cb0cd3d</hash>
        <hash alg="SHA3-384">01757bfb62766e984c82e697f682e052ae038419690aa42b3b05ae19a6e8cacebb259b577576f109f8a04ba60e63cfec</hash>
        <hash alg="SHA3-256">6349e4e76de2d9fbb6523235480a38322292a5f292f6c2ec2125b1803d8833be</hash>
        <hash alg="SHA3-512">6ab2efa244f09dc552f35f99abe3dd8111a7ddaf62b3268ad5cad9b23c6993691481c6bec6fffc79c7faca9293fac655a6d12a719030837ff9c9e7a7b2738ad9</hash>
      </hashes>
      <licenses>
        <license>
          <id>EPL-2.0</id>
        </license>
        <license>
          <id>GPL-2.0-with-classpath-exception</id>
        </license>
      </licenses>
      <purl>pkg:maven/jakarta.transaction/jakarta.transaction-api@2.0.0?type=jar</purl>
      <externalReferences><reference type="website"><url>https://projects.eclipse.org/projects/ee4j.jta</url></reference><reference type="distribution-intake"><url>https://jakarta.oss.sonatype.org/service/local/staging/deploy/maven2/</url></reference><reference type="issue-tracker"><url>https://github.com/eclipse-ee4j/jta-api/issues</url></reference><reference type="mailing-list"><url>https://dev.eclipse.org/mhonarc/lists/jta-dev/</url></reference><reference type="vcs"><url>https://github.com/eclipse-ee4j/jta-api</url></reference></externalReferences>
    </component>
    <component type="library" bom-ref="pkg:maven/biz.aQute.bnd/biz.aQute.bnd.annotation@7.0.0?type=jar">
      <publisher>Bndtools</publisher>
      <group>biz.aQute.bnd</group>
      <name>biz.aQute.bnd.annotation</name>
      <version>7.0.0</version>
      <description>bnd Annotations Library</description>
      <scope>required</scope>
      <hashes>
        <hash alg="MD5">0339bd011cf13131841417c0de7452f5</hash>
        <hash alg="SHA-1">8ad279ebf0d04ea89c5ce4d934189d0d16bb6d50</hash>
        <hash alg="SHA-256">a0090390963dd2092f8abb6d76092bab1696494d2e31b127f5b1b2bf29c08638</hash>
        <hash alg="SHA-512">6e96cffe60466e9bd5730c93686a6ae252958be6202ba07d235239f0033b9a1cc53faad327ddaebab9eab30825b881acc6296777851028c7fad5668cbbe99c81</hash>
        <hash alg="SHA-384">f51cd44911333bf7c2f58bdf7440062c138005c8332be3bf69b0ab0d9d93af4d1e1dde3a4eae5bfae92e835b70e6f561</hash>
        <hash alg="SHA3-384">7e93113ee29b6fbed02fbeac096582476b0b7c04703a54ecf0c3c89cab6fff06bc486d072c78f5a19e2c7da1c603b9d2</hash>
        <hash alg="SHA3-256">e0a35d4ec2afe652ef58a37a9f2491349527e86c7a1b37d13436fdfef77f32b2</hash>
        <hash alg="SHA3-512">62783affe413b5419c08008094a43e63712c65d6e4a0cd345e58e1a7c66dc32a08f2e68852d14641d30da31d665091c19571809145f769480cb0b80e0ad003e9</hash>
      </hashes>
      <licenses>
        <license>
          <name>(Apache-2.0 OR EPL-2.0)</name>
          <url>https://opensource.org/licenses/Apache-2.0,https://opensource.org/licenses/EPL-2.0</url>
        </license>
      </licenses>
      <purl>pkg:maven/biz.aQute.bnd/biz.aQute.bnd.annotation@7.0.0?type=jar</purl>
      <externalReferences><reference type="website"><url>https://bnd.bndtools.org/</url></reference><reference type="vcs"><url>https://github.com/bndtools/bnd</url></reference></externalReferences>
    </component>
    <component type="library" bom-ref="pkg:maven/org.osgi/org.osgi.resource@1.0.0?type=jar">
      <publisher>OSGi Alliance</publisher>
      <group>org.osgi</group>
      <name>org.osgi.resource</name>
      <version>1.0.0</version>
      <description>OSGi Companion Code for org.osgi.resource Version 1.0.0.</description>
      <scope>required</scope>
      <hashes>
        <hash alg="MD5">7d857a4203e2996fab0cf070133e43df</hash>
        <hash alg="SHA-1">343c88949132984b3f2d4175a72c40b77dc65619</hash>
        <hash alg="SHA-256">81fc50f1f1d38a4af28e131907d4afe213249aab05060484edca0e60c4af9b4a</hash>
        <hash alg="SHA-512">4e798790856f83f50832db80bfab64dfceeff1c509d7dde43e74a9f9192ea7a7d5ea77b9b1e81291fa6ba3dcef5ab8fa791ca8093a72a08d7ca6f6499e13e506</hash>
        <hash alg="SHA-384">73038c395166552b64b6b5469bd8056584f48d19b5762df2e8bd2770405ed8f6071e397a87d9a7ed39f8c2e0e8ab85b2</hash>
        <hash alg="SHA3-384">e06c8a460b3bf06d6cb22237aeffa6afd2eadd9461096c67b768a14603ad8aaa88f891d03cf0a273a99d86906c1c8eb3</hash>
        <hash alg="SHA3-256">1097cfd20e80ce368fd828a23ad7c32a202cebd92106f6ebb88ba55ca74349ee</hash>
        <hash alg="SHA3-512">d7b710e1e0484badb875f326c602c90df6705df48b0f057320919a5255d3ecbddd7053eabc68787480a70aebd7e553e9f51728112e1fa0846c849366b7e8d69b</hash>
      </hashes>
      <licenses>
        <license>
          <id>Apache-2.0</id>
        </license>
      </licenses>
      <purl>pkg:maven/org.osgi/org.osgi.resource@1.0.0?type=jar</purl>
      <externalReferences><reference type="website"><url>http://www.osgi.org/</url></reference><reference type="vcs"><url>https://osgi.org/git/build.git</url></reference></externalReferences>
    </component>
    <component type="library" bom-ref="pkg:maven/org.osgi/org.osgi.service.serviceloader@1.0.0?type=jar">
      <publisher>OSGi Alliance</publisher>
      <group>org.osgi</group>
      <name>org.osgi.service.serviceloader</name>
      <version>1.0.0</version>
      <description>OSGi Companion Code for org.osgi.service.serviceloader Version 1.0.0.</description>
      <scope>required</scope>
      <hashes>
        <hash alg="MD5">4943f0102a6d893c4dd77f369a5f0537</hash>
        <hash alg="SHA-1">3728ff37909c6a3c1870b3e851342d9f2bd3cc63</hash>
        <hash alg="SHA-256">8f876ce2a9aa4e95b1f1952950255103e2487425050a654f3285447ba601c154</hash>
        <hash alg="SHA-512">a7def4cb7a8ed992645faa80a780e0b30bd39c1587b5bcb65fe170d10842d0d880c2849edd50c64807fe0e4b9cc0051337d1b161d0d390465d9e63a762861c49</hash>
        <hash alg="SHA-384">1e480694b8a541da4cd1e044d3f3ea3cd55152515ac022b80d865b6654242506c2138daabb4e71c30d36b12b9aaf676d</hash>
        <hash alg="SHA3-384">7f076af200ae9c2bd9f235b949aee01a1a758c8aac10fee8b98ec2497197d2029117d5627eb0eabd9b42979eb1baa009</hash>
        <hash alg="SHA3-256">83b1dce69c4c899176eb6e368e434ecb77dfed7c436530b8c5d08b9b6f2430aa</hash>
        <hash alg="SHA3-512">5debde53a7ead231dcd907467d59728f59cae4eb3b967c19808f78890bd97d2f04657cad9c093e88f9818338b0b3b38a57c66400ebcff61fbb26d18e9f7bf8ed</hash>
      </hashes>
      <licenses>
        <license>
          <id>Apache-2.0</id>
        </license>
      </licenses>
      <purl>pkg:maven/org.osgi/org.osgi.service.serviceloader@1.0.0?type=jar</purl>
      <externalReferences><reference type="website"><url>http://www.osgi.org/</url></reference><reference type="vcs"><url>https://osgi.org/git/build.git</url></reference></externalReferences>
    </component>
    <component type="library" bom-ref="pkg:maven/com.google.errorprone/error_prone_annotations@2.32.0?type=jar">
      <publisher>Google LLC</publisher>
      <group>com.google.errorprone</group>
      <name>error_prone_annotations</name>
      <version>2.32.0</version>
      <description>Error Prone is a static analysis tool for Java that catches common programming mistakes at compile-time.</description>
      <scope>required</scope>
      <hashes>
        <hash alg="MD5">2a996cc75e411174d563c6d59daa4c60</hash>
        <hash alg="SHA-1">e5b2f8b1dede30f5f5bb0baf44f466397ce6b4f7</hash>
        <hash alg="SHA-256">1f52fedb9ac8e0e6aaf312964f4b390312ea45f91a5657050f29780907b484ba</hash>
        <hash alg="SHA-512">1bd1886a8498f008563121368a2946bd0cd42f53f28a3421c105f765bb431558db0cf315fef04ab80a00ff2cdd4d179dfcabe5434c5f9be584bcaa0f2d1fa567</hash>
        <hash alg="SHA-384">00ca79ff8f2cf3c15645221773270e60fd0025cd0f93b36d7413e727a757ea91f81a51a912fcc8bcb4267036e13335d7</hash>
        <hash alg="SHA3-384">95078a0e356d248c5e12478d2b86f2a66ff11c70254d79314bb54b25f276643b70741f20d08e01afee6076fcb87d2365</hash>
        <hash alg="SHA3-256">ff6f6fa7e1e0359a4b234356dadca0b987916993c4d7674753675d5ec9c95b6a</hash>
        <hash alg="SHA3-512">b522eeefcb700fafdb95f7617b667bfd6e6232cc0a468989c2c0b142b6fce8a717d415169b81904670d224b41624ccfce4d8ebee1fa44f8669d0f1d1ed6230a9</hash>
      </hashes>
      <licenses>
        <license>
          <id>Apache-2.0</id>
        </license>
      </licenses>
      <purl>pkg:maven/com.google.errorprone/error_prone_annotations@2.32.0?type=jar</purl>
      <externalReferences><reference type="website"><url>https://errorprone.info/error_prone_annotations</url></reference><reference type="vcs"><url>https://github.com/google/error-prone/error_prone_annotations</url></reference></externalReferences>
    </component>
    <component type="library" bom-ref="pkg:maven/org.osgi/osgi.annotation@8.1.0?type=jar">
      <publisher>Eclipse Foundation</publisher>
      <group>org.osgi</group>
      <name>osgi.annotation</name>
      <version>8.1.0</version>
      <description>OSGi Annotation Release 8, Annotations for use in compiling bundles</description>
      <scope>required</scope>
      <hashes>
        <hash alg="MD5">3bcfab9c55a2bcc158aa4953084021b6</hash>
        <hash alg="SHA-1">59d42736bcc0af2144ba5c1a12ff7c08ea4b7e12</hash>
        <hash alg="SHA-256">68afeb86a5322675d4dfe3df5863c7d8a37b34c18e3a8e41553f1ab3ac15d78f</hash>
        <hash alg="SHA-512">a190fa888fd22c2c31455d672b3e50ca79fa9f02269b9d45f6e6fc189dc8f90d20663e290f151a851e010b52ce87e62dc5079253c3e59caa72f11ea6248ffb26</hash>
        <hash alg="SHA-384">581c88a48fc7df5edae29712f943ef780fb0f32b4eee10dfcaa879f122f19fd1645b961b38bc0a97dd894d89952fdb68</hash>
        <hash alg="SHA3-384">ab4fab76440671def19eb0ca3370d8f0f8a915df4ec92e5aa2b9e12a4b97aa49301c51ccd28a2d2718beec6fe8105bc6</hash>
        <hash alg="SHA3-256">6849ce4a9cad5dbf2dce1ad817442821a633f8ae10ab1ccde69ac46d26127a46</hash>
        <hash alg="SHA3-512">3c3ce68b5ae1ea157f78d72a210cc152375fd8819a7c85ed5c718fbe387ffb522715e1b0dfa5094caed1e8bbe4b8fcc6d2aadd1cd3851f4c0fffebda5acaebba</hash>
      </hashes>
      <licenses>
        <license>
          <id>Apache-2.0</id>
          <url>https://www.apache.org/licenses/LICENSE-2.0</url>
        </license>
      </licenses>
      <purl>pkg:maven/org.osgi/osgi.annotation@8.1.0?type=jar</purl>
      <externalReferences><reference type="website"><url>https://docs.osgi.org/</url></reference><reference type="vcs"><url>https://github.com/osgi/osgi</url></reference></externalReferences>
    </component>
    <component type="library" bom-ref="pkg:maven/org.osgi/org.osgi.annotation.bundle@2.0.0?type=jar">
      <publisher>Eclipse Foundation</publisher>
      <group>org.osgi</group>
      <name>org.osgi.annotation.bundle</name>
      <version>2.0.0</version>
      <description>OSGi Companion Code for org.osgi.annotation.bundle Version 2.0.0</description>
      <scope>required</scope>
      <hashes>
        <hash alg="MD5">19115314a0ce4cfb711a811dcc0be0a3</hash>
        <hash alg="SHA-1">f5c2cd6e670c3c5d440d3003efd5ef2ead5c68eb</hash>
        <hash alg="SHA-256">b9c9546ec5be3ebc2e85ba4919150ad76d64594805282fc895133a47d264a7ae</hash>
        <hash alg="SHA-512">f16b8983240ba3c08d6bc78e2eae92e89eb528f32a705961d90b463def0a5ed1ba08cc3d0be38b5dcfb946c6f759df772e122fb769e58e8c20aa79a489a1fd21</hash>
        <hash alg="SHA-384">88217b7d3a2d9a0a3f005162b95d68ba2bd29629688b2c32e93e4587d89fe6bd468f5c62ef422ebf2b609d402e62ff56</hash>
        <hash alg="SHA3-384">c7ee64dd3e235d900d01d8629b82245303d34a006e1edcd2571ef736d9c6256dcb718be326ad4909cb6d2cea26118ea9</hash>
        <hash alg="SHA3-256">9adcacb036caf30d17a13fcd5952a35e011678b1dbfabafdff73dba065ace8a3</hash>
        <hash alg="SHA3-512">76bec6bb2cdbc8da043760a7aedd51203c8d70b740c9b8de0ba6b0cf9ad991a58059566e7f62dee30606f32d267b2596d5bd5e885c73e336ae7fff6cf7f970db</hash>
      </hashes>
      <licenses>
        <license>
          <id>Apache-2.0</id>
          <url>https://www.apache.org/licenses/LICENSE-2.0</url>
        </license>
      </licenses>
      <purl>pkg:maven/org.osgi/org.osgi.annotation.bundle@2.0.0?type=jar</purl>
      <externalReferences><reference type="website"><url>https://docs.osgi.org/</url></reference><reference type="vcs"><url>https://github.com/osgi/osgi</url></reference></externalReferences>
    </component>
    <component type="library" bom-ref="pkg:maven/org.osgi/org.osgi.annotation.versioning@1.1.2?type=jar">
      <publisher>Eclipse Foundation</publisher>
      <group>org.osgi</group>
      <name>org.osgi.annotation.versioning</name>
      <version>1.1.2</version>
      <description>OSGi Companion Code for org.osgi.annotation.versioning Version 1.1.2</description>
      <scope>required</scope>
      <hashes>
        <hash alg="MD5">a61b3b8d09c85ad296c61e21bf77ec70</hash>
        <hash alg="SHA-1">dc3cd4ec96c0b3c5459fe00694bd73a816ecf93e</hash>
        <hash alg="SHA-256">f51f235e80df8ffbc30ef1b557b6ea38a696632d675404ec117e952978b8b863</hash>
        <hash alg="SHA-512">a4c612bec624a168f25f0923d51925bbc914686673eeebd5b2442998b876f05855e2b0a6e6e9aca4a6533ed3156b0d24f94c3e508ee9778e1b2e469be318afa3</hash>
        <hash alg="SHA-384">68a2046f083a2e77304622a56d07c0e73ba88534af4a87b5428cebf8b638c40ce21bbac089a8b5520ad488c946b633ea</hash>
        <hash alg="SHA3-384">930734f6979650191d51cd8bf1f9ab4548d307950735aa98e2dbda7aecc19b49d01a3b968824f6df2ffafce65e122c60</hash>
        <hash alg="SHA3-256">513392d0e8ddd873d04c5cf4f402a9cfe094413832bb859fe37b70fd0512dd12</hash>
        <hash alg="SHA3-512">3d2bd7d2eb784a9fab4b09c42adb0722363079235340f1915bb82a99f1c5e616ee8f3dc34d2c90b941d2651dcb4f393c7fea3e23b579456a696604148d10f22b</hash>
      </hashes>
      <licenses>
        <license>
          <id>Apache-2.0</id>
          <url>https://www.apache.org/licenses/LICENSE-2.0</url>
        </license>
      </licenses>
      <purl>pkg:maven/org.osgi/org.osgi.annotation.versioning@1.1.2?type=jar</purl>
      <externalReferences><reference type="website"><url>https://docs.osgi.org/</url></reference><reference type="vcs"><url>https://github.com/osgi/osgi</url></reference></externalReferences>
    </component>
    <component type="library" bom-ref="pkg:maven/com.github.spotbugs/spotbugs-annotations@4.8.6?type=jar">
      <group>com.github.spotbugs</group>
      <name>spotbugs-annotations</name>
      <version>4.8.6</version>
      <description>Annotations the SpotBugs tool supports</description>
      <scope>required</scope>
      <hashes>
        <hash alg="MD5">0806b237c67c69869506ce3ced9a722f</hash>
        <hash alg="SHA-1">1dcffed3e561ed32134a0dff4717f19bc2fdf4d8</hash>
        <hash alg="SHA-256">4548b74a815ed44f5480ca4f06204a8b00809dc7e5f6a825a9edf18f40377b65</hash>
        <hash alg="SHA-512">ebe5bca26efc72b82c168b65f8f4b1b55768e0464edb9e732e48bcb05b3de7e761e50f0da46e96f02258b4bc4443f4e4a5e7d53956b17161674238b564f6018d</hash>
        <hash alg="SHA-384">ed8acfde5a975f6aa24930caf2889cddeee21226497ca7ca403a25afdc2a6a32d7a6d53cc117143401e3698c87b33159</hash>
        <hash alg="SHA3-384">eca5720d9a38a2dfe8667dd73003e4fd6d3a0503219d4aea539570374bdbe9157dfe945502de2d40b4f20a4caebd2100</hash>
        <hash alg="SHA3-256">59bcae1d85e982281500f515c27f49c292f5b0f57a69204859f9c5243a64917f</hash>
        <hash alg="SHA3-512">0b77811020ea0052e4b799add234754e2f3437b28f0f4f51f49df9de7bad5d97b4262aed175cc16f2d110a7c49adf88d99dc8f12bb2751ca6bff845ba09c473a</hash>
      </hashes>
      <licenses>
        <license>
          <id>LGPL-2.1-only</id>
        </license>
      </licenses>
      <purl>pkg:maven/com.github.spotbugs/spotbugs-annotations@4.8.6?type=jar</purl>
      <externalReferences><reference type="website"><url>https://spotbugs.github.io/</url></reference><reference type="vcs"><url>https://github.com/spotbugs/spotbugs/</url></reference></externalReferences>
    </component>
    <component type="library" bom-ref="pkg:maven/com.google.code.findbugs/jsr305@3.0.2?type=jar">
      <group>com.google.code.findbugs</group>
      <name>jsr305</name>
      <version>3.0.2</version>
      <description>JSR305 Annotations for Findbugs</description>
      <scope>required</scope>
      <hashes>
        <hash alg="MD5">dd83accb899363c32b07d7a1b2e4ce40</hash>
        <hash alg="SHA-1">25ea2e8b0c338a877313bd4672d3fe056ea78f0d</hash>
        <hash alg="SHA-256">766ad2a0783f2687962c8ad74ceecc38a28b9f72a2d085ee438b7813e928d0c7</hash>
        <hash alg="SHA-512">bb09db62919a50fa5b55906013be6ca4fc7acb2e87455fac5eaf9ede2e41ce8bbafc0e5a385a561264ea4cd71bbbd3ef5a45e02d63277a201d06a0ae1636f804</hash>
        <hash alg="SHA-384">ca0b169d3eb2d0922dc031133a021f861a043bb3e405a88728215fd6ff00fa52fdc7347842dcc2031472e3726164bdc4</hash>
        <hash alg="SHA3-384">9903fd7505218999f8262efedb3d935d64bcef84aae781064ab5e1b24755466b269517cada562fa140cd1d417ede57a1</hash>
        <hash alg="SHA3-256">223fda9a89a461afaae73b177a2dc20ed4a90f2f8757f5c65f3241b0510f00ff</hash>
        <hash alg="SHA3-512">3996b5af57a5d5c6a0cd62b11773360fb051dd86a2ba968476806a2a5d32049b82d69a24a3c694e8fe4d735be6a28e41000cc500cc2a9fb577e058045855d2d6</hash>
      </hashes>
      <licenses>
        <license>
          <id>Apache-2.0</id>
        </license>
      </licenses>
      <purl>pkg:maven/com.google.code.findbugs/jsr305@3.0.2?type=jar</purl>
      <externalReferences><reference type="website"><url>http://findbugs.sourceforge.net/</url></reference><reference type="distribution-intake"><url>https://oss.sonatype.org/service/local/staging/deploy/maven2/</url></reference><reference type="vcs"><url>https://code.google.com/p/jsr-305/</url></reference></externalReferences>
    </component>
  </components>
  <dependencies>
    <dependency ref="pkg:maven/org.apache.logging.log4j/log4j-jdbc-dbcp2@2.24.3?type=jar">
      <dependency ref="pkg:maven/org.apache.logging.log4j/log4j-core@2.24.3?type=jar"/>
      <dependency ref="pkg:maven/org.apache.commons/commons-dbcp2@2.12.0?type=jar"/>
      <dependency ref="pkg:maven/biz.aQute.bnd/biz.aQute.bnd.annotation@7.0.0?type=jar"/>
      <dependency ref="pkg:maven/com.google.errorprone/error_prone_annotations@2.32.0?type=jar"/>
      <dependency ref="pkg:maven/org.osgi/osgi.annotation@8.1.0?type=jar"/>
      <dependency ref="pkg:maven/org.osgi/org.osgi.annotation.bundle@2.0.0?type=jar"/>
      <dependency ref="pkg:maven/com.github.spotbugs/spotbugs-annotations@4.8.6?type=jar"/>
    </dependency>
    <dependency ref="pkg:maven/org.apache.logging.log4j/log4j-core@2.24.3?type=jar">
      <dependency ref="pkg:maven/org.apache.logging.log4j/log4j-api@2.24.3?type=jar"/>
    </dependency>
    <dependency ref="pkg:maven/org.apache.logging.log4j/log4j-api@2.24.3?type=jar"/>
    <dependency ref="pkg:maven/org.apache.commons/commons-dbcp2@2.12.0?type=jar">
      <dependency ref="pkg:maven/org.apache.commons/commons-pool2@2.12.0?type=jar"/>
      <dependency ref="pkg:maven/commons-logging/commons-logging@1.3.4?type=jar"/>
      <dependency ref="pkg:maven/jakarta.transaction/jakarta.transaction-api@2.0.0?type=jar"/>
    </dependency>
    <dependency ref="pkg:maven/org.apache.commons/commons-pool2@2.12.0?type=jar"/>
    <dependency ref="pkg:maven/commons-logging/commons-logging@1.3.4?type=jar"/>
    <dependency ref="pkg:maven/jakarta.transaction/jakarta.transaction-api@2.0.0?type=jar"/>
    <dependency ref="pkg:maven/biz.aQute.bnd/biz.aQute.bnd.annotation@7.0.0?type=jar">
      <dependency ref="pkg:maven/org.osgi/org.osgi.resource@1.0.0?type=jar"/>
      <dependency ref="pkg:maven/org.osgi/org.osgi.service.serviceloader@1.0.0?type=jar"/>
    </dependency>
    <dependency ref="pkg:maven/org.osgi/org.osgi.resource@1.0.0?type=jar"/>
    <dependency ref="pkg:maven/org.osgi/org.osgi.service.serviceloader@1.0.0?type=jar"/>
    <dependency ref="pkg:maven/com.google.errorprone/error_prone_annotations@2.32.0?type=jar"/>
    <dependency ref="pkg:maven/org.osgi/osgi.annotation@8.1.0?type=jar"/>
    <dependency ref="pkg:maven/org.osgi/org.osgi.annotation.bundle@2.0.0?type=jar">
      <dependency ref="pkg:maven/org.osgi/org.osgi.annotation.versioning@1.1.2?type=jar"/>
    </dependency>
    <dependency ref="pkg:maven/org.osgi/org.osgi.annotation.versioning@1.1.2?type=jar"/>
    <dependency ref="pkg:maven/com.github.spotbugs/spotbugs-annotations@4.8.6?type=jar">
      <dependency ref="pkg:maven/com.google.code.findbugs/jsr305@3.0.2?type=jar"/>
    </dependency>
    <dependency ref="pkg:maven/com.google.code.findbugs/jsr305@3.0.2?type=jar"/>
  </dependencies>
</bom>
